,be,collect,cook,eat,hunter-gatherer,originally,plant,vegatables,vegetable
0,0.25246826075544676,0.4838025881780501,0.0,0.0,0.4838025881780501,0.4838025881780501,0.0,0.4838025881780501,0.0
1,0.40264193560603856,0.0,0.0,0.0,0.0,0.0,0.7715790094657221,0.0,0.4924888870251974
2,0.318781545479458,0.0,0.6108781210948048,0.6108781210948048,0.0,0.0,0.0,0.0,0.3899155916311765
3,0.632951942394233,0.0,0.0,0.0,0.0,0.0,0.0,0.0,0.7741910866313093
