,be,collect,cook,eat,hunter-gatherer,originally,plant,vegatables,vegetable
0,0.2832169249871526,0.479527938028855,0.0,0.0,0.479527938028855,0.479527938028855,0.0,0.479527938028855,0.0
1,0.4254405389711991,0.0,0.0,0.0,0.0,0.0,0.7203334490549893,0.0,0.5478321549274363
2,0.34520501686496574,0.0,0.5844829010200651,0.5844829010200651,0.0,0.0,0.0,0.0,0.444514311537431
